,9_1,9_2,9_3,9_4,9_5,9_6,9_7,9_8,9_9
1-10A-rep2,2.4545745877616935e-06,2.170819397050477e-06,3.4889126898200142e-06,1.3441144821712544e-06,0.93072082478167,7.075230127847881e-07,3.7414132542997836e-07,0.06926685452251104,1.780610324000095e-06
1-10B-rep1,3.306358391540668e-06,2.924134783169171e-06,4.6996313767993265e-06,1.8105476278766604e-06,0.99998007389775,9.530468791589383e-07,5.039754412537971e-07,3.3298919681634525e-06,2.3985157819914834e-06
1-10B-rep2,1.14237807011418e-06,1.0103162013220175e-06,0.0006420777014312889,6.255613155172098e-07,0.9993259758283893,3.292867032586291e-07,2.6859708876719695e-05,1.15050914323499e-06,8.287098691963237e-07
1-10C-rep1,4.579256101254189e-06,4.0498822151211184e-06,0.0030016670947747032,2.507580936409663e-06,0.9969772444745745,1.3199554371769777e-06,6.979983235175963e-07,4.6118497470640134e-06,3.321907890185191e-06
1-10C-rep2,1.0057181011059501e-06,8.894544792938807e-07,0.0009411594444305293,5.507269045390782e-07,0.9990542090136857,2.898949188403159e-07,1.5329772630777068e-07,1.0128764733059673e-06,7.295732803524356e-07
1-11A-rep2,0.04963389076809266,2.123218570517419e-06,3.4124092607633387e-06,0.01015193576329548,0.8607369556835136,6.920087418852952e-07,3.6593730976896175e-07,0.0794688826453753,1.7415658400274241e-06
1-11B-rep1,0.21211597155857734,4.264752558037989e-06,6.854254821427287e-06,0.02275699652734011,0.765105433197816,1.3899869250958733e-06,7.350312867404887e-07,4.856535810508723e-06,3.498154864686646e-06
1-11B-rep2,0.06061820532666557,2.0042967024702906e-06,3.2212795817626493e-06,1.241007993580115e-06,0.08296512272263487,6.532492032147722e-07,0.8564056256809852,2.2824158208394716e-06,1.6440204125810847e-06
1-11C-rep1,0.20376338860674548,3.7339414143827937e-06,6.001142057872308e-06,2.3119586721355567e-06,0.7962153889960357,1.2169826207815933e-06,6.435458388446408e-07,4.252068542432444e-06,3.062758072226181e-06
1-11C-rep2,0.14791738891122955,2.824020229699626e-06,4.538728569080662e-06,1.748559319969812e-06,0.852066560360487,9.204171032362527e-07,4.867206701840254e-07,3.2158853740032468e-06,2.3163970171910848e-06
1-12A-rep1,3.0941461124050936e-06,0.02566151449680008,4.39799454029688e-06,1.6943410969760043e-06,0.0818307684006682,8.918773910396776e-07,4.716287430584483e-07,0.8924949225430062,2.2445716415312955e-06
1-12A-rep2,2.1322931128867087e-06,0.03108312262595396,3.0308243787165467e-06,1.167634533313805e-06,0.10007576196615653,6.146264427619537e-07,3.2501720478909373e-07,0.8688322981930047,1.5468192123925754e-06
1-12B-rep1,0.0001247465342127691,4.529022271167628e-06,7.278985665884383e-06,2.804251902771719e-06,0.34549798319689845,1.4761188731866737e-06,7.80578245126647e-07,0.6543566863903555,3.7149215750627086e-06
1-12B-rep2,2.1261507460551447e-06,1.880362203537142e-06,3.0220936676226474e-06,1.1642709996675765e-06,0.367488247774436,0.01266549148841448,3.2408094753331637e-07,0.6198362014152006,1.5423633845482675e-06
1-12C-rep1,5.668223971519629e-06,5.012962574269069e-06,8.056768224350579e-06,3.1038950563149378e-06,0.388241477859592,1.6338468268448812e-06,8.639854906475644e-07,0.6117300705856109,4.11187265310862e-06
1-12C-rep2,2.0950390164580576e-06,1.8528470706005084e-06,2.9778717039737417e-06,1.1472343504146509e-06,0.36343219736857135,6.038880725876702e-07,3.193387067369233e-07,0.6365572866183568,1.5197941510874954e-06
1-1A-rep1,2.0531390824356112e-06,0.47203065092355334,2.918315472827863e-06,1.1242901268402734e-06,0.5279587914176117,5.918105550810304e-07,3.1295206160144916e-07,2.067752654284735e-06,1.489398881997985e-06
1-1A-rep2,1.0849369595206065e-06,0.475500864493765,1.542120718025491e-06,5.941068105264986e-07,0.5244935565396789,3.1272949296748466e-07,1.6537275097155034e-07,1.092659185620806e-06,7.870406385871137e-07
1-1B-rep1,3.5264296413006277e-06,0.1742288892216331,5.012438891299113e-06,1.9310576972739108e-06,0.8257529771597644,1.0164816895875212e-06,5.37520051991948e-07,3.551529613034102e-06,2.558161017989597e-06
1-1B-rep2,1.1474611006178656e-06,0.1484701352066248,1.6309920321757958e-06,6.283447611486388e-07,0.8514167470408047,3.3075187000238e-07,8.058785868539883e-05,2.795994689343682e-05,8.323972277460278e-07
1-1C-rep1,3.0454988582915972e-06,0.8232563430995155,4.328847722331879e-06,1.6677020699536307e-06,0.17672799632580474,8.778549808160492e-07,4.6421362997803875e-07,3.0671757221547464e-06,2.209281696242757e-06
1-1C-rep2,1.0088466442636218e-06,0.8266841777632598,1.4339665524132e-06,5.524400813100309e-07,0.17331063454206436,2.907967110659746e-07,1.537745980596059e-07,1.0160272844096387e-06,7.318428044782882e-07
1-2A-rep1,1.5234767403717848e-06,0.007617162609233204,3.775337938616486e-05,0.5118975004228132,0.4804427492682083,4.391371354652201e-07,2.3221767623049372e-07,1.534320349066565e-06,1.1051684580315475e-06
1-2A-rep2,2.131656050323792e-06,0.0136456584678364,3.029918863084204e-06,0.5464990186484459,0.43984552876034166,6.144428115836246e-07,3.2492009980281223e-07,2.14682848024611e-06,1.5463570711391708e-06
1-2B-rep1,0.1316877427338574,4.965623464978714e-06,7.980685423841101e-06,3.0745839204108142e-06,0.7860482831514621,1.6184178559810826e-06,8.558265820259476e-07,0.08224140593459105,4.0730428421874975e-06
1-2B-rep2,0.09651892894359235,0.00011862906308859002,3.542124513979642e-06,1.3646145031905238e-06,0.8274429315429503,7.183139363453133e-07,3.7984761394723475e-07,0.07591169778215581,1.8077676454584313e-06
1-2C-rep2,2.3464057423900243e-06,2.0751551508466164e-06,0.10880371777792493,1.2848816878985877e-06,0.8544071104202491,6.763437005942369e-07,3.5765356605229676e-07,0.03672591794418645,5.651341779180684e-05
1-3A-rep1,5.19182875187796e-06,4.591639878019978e-06,7.379623868882827e-06,0.6573373698821365,0.21747380920562603,1.4965274792244415e-06,7.913704070424763e-07,0.12516560363830886,3.766283543440625e-06
1-3A-rep2,3.879922101693593e-06,3.4313930403238686e-06,5.514890247623695e-06,0.6084262859429166,0.310616544123054,1.11837472303655e-06,5.914015426259448e-07,0.0809398193590082,2.814593365806692e-06
1-3B-rep2,3.1756288686906125e-06,2.8085179323368478e-06,4.513813478463798e-06,0.00319155028573144,0.1526779558345671,9.153645262461536e-07,0.8118445570977666,0.03227221977584068,2.3036812883896067e-06
1-3C-rep1,4.725336628217128e-06,4.17907545416287e-06,6.716555694847214e-06,0.6473949444501105,0.352579165406215,1.3620626662916804e-06,7.20264814114349e-07,4.758970027395243e-06,3.4278783894083488e-06
1-3C-rep2,3.897584731826267e-06,3.447013824587711e-06,5.539995768846285e-06,2.1343006277574426e-06,1.485352842844149e-05,0.999962780750082,5.940937891281967e-07,3.925326463988425e-06,2.8274062832548073e-06
1-3C-rep3,2.2893122845163406e-06,2.02466184483146e-06,3.2540101735891348e-06,0.61365661319528,0.386330843650946,6.598867000506413e-07,3.4895103074994946e-07,2.3056068599014497e-06,1.6607248803904753e-06
1-4A-rep1,3.4372383954738937e-06,0.011163735231559006,4.885663167743076e-06,8.217498923427496e-05,0.32431560640485646,0.003935336614299519,5.239249748259307e-07,0.6604918064740742,2.493459438367062e-06
1-4A-rep3,2.406825644848566e-06,2.128590355822198e-06,3.4210427242114253e-06,1.3179673664967502e-06,0.40211367360506267,6.937595377958321e-07,3.668631384567771e-07,0.5978742453741334,1.7459720363167138e-06
1-4B-rep3,1.0496107021919706e-06,9.282729818155009e-07,0.010348326347248263,5.747623040229799e-07,0.8148049528093614,3.0254681604245425e-07,1.5998810598853978e-07,0.17484294424839983,7.614140803960209e-07
1-4C-rep1,4.270452522173881e-06,3.7767771309698826e-06,6.06998706422396e-06,2.338481425293705e-06,0.09089433996840827,1.2309438260737845e-06,6.509285864842704e-07,0.9090842245670522,3.097893984174705e-06
1-4C-rep2,9.489573469324402e-07,8.392554155679623e-07,1.3488403841211614e-06,5.196449597964056e-07,3.616435792900605e-06,0.9999909381108849,1.4464590374561844e-07,9.557117146661155e-07,6.883975974527169e-07
1-4C-rep3,1.8873956028847675e-06,1.669207774364775e-06,2.6827290164443242e-06,1.0335297106359753e-06,0.1188269080059855,0.003527659886296771,2.8768842307536264e-07,0.8776365023928093,1.3691643809584166e-06
1-5A-rep1,4.449323433490662e-06,0.03752437971157168,6.324232747139575e-06,2.4364303666454094e-06,0.248732812874444,1.282502775109354e-06,6.781931887394232e-07,0.7137244090800178,3.227651455364204e-06
1-5A-rep2,1.2358409325032857e-06,1.0929745143306048e-06,1.7566144184445234e-06,6.767411767887844e-07,4.709736846533664e-06,0.9999881985702197,1.883744608180921e-07,1.2446372436814842e-06,8.965101872271558e-07
1-5A-rep3,2.0388624443304917e-06,0.030673697002371037,2.8980227735954713e-06,1.1164723012465893e-06,0.2732924390248917,5.876953613301721e-07,3.1077592878806233e-07,0.6960254331016794,1.4790422485802283e-06
1-5B-rep1,5.274996060953295e-06,4.6651928303895634e-06,7.4978372169138265e-06,0.005671109503941266,0.30893814394841185,1.520500181205294e-06,8.040472787924871e-07,0.6853671573588712,3.8266152073864695e-06
1-5B-rep2,1.3653198804927195e-06,1.207485360000796e-06,1.9406547596740068e-06,7.476432915571106e-07,0.001408514045564488,0.9985836512654442,2.0811043684325788e-07,1.375037780434962e-06,9.904374822786765e-07
1-5B-rep3,2.5681044453331757e-06,0.0019219539626825286,3.650283121474242e-06,1.406282943655988e-06,0.28604251486434074,7.402476190242956e-07,3.9144624319432493e-07,0.7120249118408575,1.8629677465375712e-06
1-5C-rep1,4.326998106640226e-06,3.82678589916504e-06,6.150360505789581e-06,2.369445544030614e-06,0.8283447183131056,1.2472429039183849e-06,6.595476115588937e-07,0.1716335623927456,3.1389135775410687e-06
1-5C-rep2,1.3665838467891234e-06,1.2086032085139895e-06,1.9424513512597815e-06,7.483354340621473e-07,0.00013289981131374954,0.9178172646532796,2.083030983446819e-07,0.08204336990407236,9.913543953143555e-07
1-5C-rep3,2.266645131530461e-06,2.0046150735404203e-06,3.221791263604149e-06,1.2412051206035087e-06,0.896631660505406,6.533529681152645e-07,3.4549596415545886e-07,0.10335696210751678,1.644281555822713e-06
1-6A-rep1,2.754498069785061e-06,2.436070946403866e-06,3.9152215286809835e-06,6.585253136019722e-05,0.9999190555595572,7.939749652592017e-07,4.198575035617351e-07,2.7741036853010465e-06,1.998182383599986e-06
1-6A-rep2,1.8766395247372638e-06,1.6596951267576458e-06,2.6674404129817825e-06,1.0276397285260371e-06,0.03354298436983572,0.9630707447054523,0.003375788151437992,1.8899968305156527e-06,1.3613616505420386e-06
1-6A-rep3,2.3256280281615455e-06,2.056779394290494e-06,3.3056290811895534e-06,1.2735039009940223e-06,8.862868778247674e-06,6.703545931362639e-07,0.9999774759858999,2.3421810871211743e-06,1.6870692369159616e-06
1-6B-rep1,0.0004602772373940343,4.310393855925306e-06,6.927608921540486e-06,2.668882917428843e-06,0.9951888915501415,1.4048625377942482e-06,7.428975770956914e-07,4.908510361109573e-06,0.004329868056293539
1-6B-rep2,1.7726642091325775e-06,1.5677396273996396e-06,2.519650730871519e-06,9.707032931089217e-07,0.9999893168603936,5.109645997944353e-07,2.7020035979103735e-07,1.785281452653069e-06,1.2859353337660225e-06
1-6C-rep2,1.6794078956361384e-06,1.485263985695838e-06,2.3870969526380957e-06,9.196365371221871e-07,0.9696255315845401,4.840837756324078e-07,2.5598566005845023e-07,0.030366038655801682,1.2182848515122436e-06
1-7A-rep1,6.078706981608072e-06,0.00014737261301392038,8.640225492259083e-06,3.3286737863221804e-06,0.2979320751453128,0.002699687953477825,9.265538306877113e-07,0.6991974804807213,4.4096473832937906e-06
1-7A-rep2,1.7224515805978163e-06,1.523331708999593e-06,2.4482789022224256e-06,9.432070737893033e-07,0.3841790267425551,0.002817010146058973,2.625466427326977e-07,0.6129958137856512,1.2495098263848398e-06
1-7B-rep2,0.01957378735742703,0.011567027452526598,3.383190538430593e-06,1.3033846940101886e-06,0.3711429992521363,0.0006678931457693917,3.6280397498163925e-07,0.5898690408390163,0.007174202573917014
1-7C-rep1,4.1693833296935856e-06,3.6873917993631845e-06,5.9263281222824496e-06,2.283136370394396e-06,0.5304314560956027,1.2018109653654885e-06,6.355229997796521e-07,0.4695476157549679,3.024575842421728e-06
1-7C-rep2,1.9038475757412078e-06,1.6837578564745537e-06,2.706113719096099e-06,1.0425387401789703e-06,0.6367754046991468,5.487777716707184e-07,2.9019613376426845e-07,0.3632150389699992,1.3810990570788358e-06
1-8A-rep1,5.438289758359684e-07,4.809609352712125e-07,7.729941572548137e-07,2.977984070600398e-07,0.9999967225598391,1.567569049812416e-07,8.289375064867696e-08,5.476997724517468e-07,3.9450725746613044e-07
1-8A-rep2,8.874238850580292e-07,7.84835381534103e-07,1.2613772134957546e-06,4.859495008537831e-07,0.9999946518504715,2.557970020157303e-07,1.352665957796784e-07,8.937402777543971e-07,6.437596719925026e-07
1-8B-rep1,3.0454988582915972e-06,2.693431288760797e-06,4.328847722331879e-06,1.6677020699536307e-06,0.9993413692184512,0.0005700127666076578,4.6421362997803875e-07,3.0671757221547464e-06,7.335114564959798e-05
1-8B-rep2,8.393486733349649e-07,7.423177890168172e-07,1.1930434920098923e-06,4.596237217828994e-07,0.9999949415805827,2.419394811205978e-07,1.2793867691175098e-07,8.453228824127524e-07,6.088847006840775e-07
1-8C-rep1,5.647287104241029e-06,0.012669198492318835,8.02700872863283e-06,3.0924301178849645e-06,0.9698884814449534,0.017151070791148595,8.607941648214829e-07,5.687482645086978e-06,0.0002679342688184334
1-8C-rep2,2.108764849402457e-06,1.864986161645017e-06,5.22574433110618e-05,1.1547505574724507e-06,0.05729748830672014,6.078444985713099e-07,0.9426408643783379,2.1237743472505482e-06,1.5297512165472928e-06
1-9A-rep1,2.733043704124156e-06,0.08663738581617308,3.8847264649010615e-06,1.4966029720327638e-06,0.8579328249829571,0.05541652312497121,4.1658729745569445e-07,2.75249661448892e-06,1.982618845551009e-06
1-9A-rep2,1.1345366459154177e-06,0.08369560619428373,1.612621315618556e-06,6.212673853677839e-07,0.8754318474576303,0.040867039356290824,1.7293303962653403e-07,1.1426119063458413e-06,8.230215022781635e-07
1-9B-rep2,1.8408892773042667e-06,0.22881833219146205,2.6166252971751247e-06,1.0080630468658086e-06,0.5965817451442675,0.1745909870673619,2.805996434634815e-07,1.853992124525047e-06,1.335427519233851e-06
1-9C-rep1,4.466499741244064e-06,0.04038197556069515,6.3486470136213874e-06,2.445836038861152e-06,0.6345884699137456,0.325007874329052,6.808113069994641e-07,4.49829082419658e-06,3.2401115822906386e-06
1-9C-rep2,1.4006551926205044e-06,0.03625372484118862,1.990880089756072e-06,7.669927564296804e-07,0.681309957125852,0.2824295193132519,2.134964620143353e-07,1.4106245977466912e-06,1.0160706090494846e-06
2-10A-rep1,2.1170032626176924e-06,1.8722721929181015e-06,0.012069421159222663,0.08931238956635665,0.1972741241124829,6.102191939534228e-07,3.226866319583482e-07,0.701337607253087,1.5357275693122758e-06
2-10A-rep2,2.2667651524246433e-06,2.0047212197078418e-06,3.221961860343333e-06,0.06926101528941868,0.3224266538347156,6.533875637413546e-07,3.455142584768669e-07,0.6082492432596214,5.4595266189724954e-05
2-10C-rep1,5.280201164745133e-06,4.669796210678482e-06,0.13901594964061972,2.8914154369956754e-06,0.860959733930331,1.522000535170914e-06,8.048406726626056e-07,5.3177839080473015e-06,3.8303911209787675e-06
2-10C-rep2,5.415586479814872e-07,4.789530632070493e-07,7.697671313982581e-07,2.965551852961953e-07,2.063856805415031e-06,1.5610249048040684e-07,0.9999947549330868,5.454132851468386e-07,3.928603043701805e-07
2-11B-rep1,0.12465824147355777,6.12211100528958e-07,0.047962365574851194,3.7906506984645307e-07,0.8273768972987836,1.9953453654185646e-07,1.0551475304950208e-07,6.971624010649942e-07,5.021649463564172e-07
2-11B-rep2,0.10002961744584747,2.2395185656901034e-06,0.07140081507138724,1.386651207062837e-06,0.8285604381795056,7.299137482083618e-07,3.859816462073267e-07,2.5502774110713687e-06,1.8369606814255675e-06
2-11C-rep2,0.3512803128418403,2.852102107361325e-06,0.040232326721264575,1.765946882704389e-06,0.6084757339625873,9.295696724066107e-07,4.91560589591041e-07,3.247863933751883e-06,2.3394311218935157e-06
2-12A-rep2,0.2410149904468766,2.7642260791993755e-06,0.00022347794921178133,1.71153634894527e-06,0.22160264442951855,9.009287305202518e-07,4.7641513175391935e-07,0.5371507667171193,2.2673509833108715e-06
2-12B-rep2,0.1959570584391754,0.01344563607563552,4.327924032583699e-06,1.6673462156007305e-06,0.18885294900941163,8.776676640753874e-07,4.641145760499544e-07,0.6017348106130094,2.208810279601526e-06
2-12C-rep2,0.6883856564578783,2.914904290496409e-06,4.684796249076106e-06,1.8048323487079318e-06,0.24299821432865495,9.50038436358863e-07,5.023845632804148e-07,0.06860288131309021,2.390944488602886e-06
2-1A-rep1,0.08631407850452236,0.2687936240331403,8.336018088591405e-06,3.2114769364134663e-06,0.6444570132445927,1.6904764197389368e-06,8.939314719952931e-07,0.00041689792350617697,4.254391321659334e-06
2-1A-rep2,0.057310762942379946,0.19943165865926413,5.364648860326044e-06,2.066747685021529e-06,0.7432419448033509,1.0879069961438818e-06,5.752900727281751e-07,3.8010856000759253e-06,2.737915790556709e-06
2-1B-rep1,0.022580749179708027,0.7266465378920457,6.078476199472111e-06,2.3417518910928186e-06,0.23077581967721364,1.2326653534035554e-06,6.51838937816009e-07,0.019983486292129992,3.1022265207580354e-06
2-1B-rep2,0.006159798294255443,0.7501811789937501,3.175221490192142e-06,1.2232639703256145e-06,0.24359758677056514,6.439089982259325e-07,3.405019507483074e-07,5.4432530931642594e-05,1.620514088220065e-06
2-1C-rep1,0.022126540026223433,0.9528789957391954,4.80768662528925e-06,1.8521762489635962e-06,0.024901442454892894,9.74959601475513e-07,5.155629865677417e-07,8.241773109341911e-05,2.4536631325070043e-06
2-1C-rep2,0.013565982120955243,0.8978632792014908,2.4935274363260775e-06,0.006721605246488157,0.08184282746269819,5.056670089104374e-07,2.6739897009895727e-07,1.7667719693097015e-06,1.2726029829450255e-06
2-2A-rep1,4.593998693487276e-06,4.0629205254425725e-06,0.5841183575758794,2.5156539164788112e-06,0.39407567973961405,1.3242049406652881e-06,7.002454799193053e-07,0.021789433058411974,3.3326025384813326e-06
2-2A-rep2,3.206551620024079e-06,0.016257004765832833,0.5020111935600376,1.755893869264853e-06,0.4592486694561149,9.242779071212484e-07,4.887622805015075e-07,0.022474430618905333,2.3261134322508646e-06
2-2B-rep1,0.08065452302665282,4.831287630220956e-06,0.677613001799422,2.9914066919330323e-06,0.24171278063305973,1.5746345294353973e-06,8.326737636305988e-07,5.501684111265358e-06,3.962854138982689e-06
2-2B-rep2,0.10361592814576585,2.668561406102755e-06,0.6447303397556702,1.6523032903517932e-06,0.25164285382020674,8.697492791949332e-07,4.599272988011521e-07,3.0388548584965987e-06,2.1888822240997727e-06
2-2C-rep1,4.244202571586636e-06,3.753561742775722e-06,0.16547602225809147,2.3241070653062287e-06,0.8345044323027324,1.223377364570622e-06,6.469274078873147e-07,4.274411416059334e-06,3.0788516078488077e-06
2-2C-rep2,2.7975190422772836e-06,2.474118582858562e-06,3.976371194942861e-06,1.5319093897666548e-06,0.012492346203364963,8.063756183998281e-07,0.9874912206810575,2.8174308669916196e-06,2.0293908822743037e-06
2-3A-rep1,5.356176031903683e-06,4.736988186077571e-06,7.613225778426762e-06,0.4489282260880021,0.5360282035475248,1.5439000395395955e-06,8.164212282667388e-07,5.3942995394382645e-06,0.015018109353669495
2-3A-rep2,1.6016814454682989e-06,0.007671441961235924,2.2766171979476807e-06,0.4850832175998822,0.4965373604855105,4.6167938325011546e-07,2.4413811742040756e-07,0.00011385735639678995,0.010589538480830551
2-3B-rep1,5.871926151846697e-06,5.193116254047328e-06,8.346308874461843e-06,0.5164342872132472,0.4835335404731848,1.6925633071076635e-06,8.950350273455075e-07,5.913720599893033e-06,4.259643353221042e-06
2-3B-rep2,3.073927903181369e-06,2.718573862302476e-06,4.369256539391227e-06,0.47822935826415247,0.5217537996690658,8.860495590502137e-07,4.685469595043853e-07,3.0958071156791783e-06,2.2299048425445973e-06
2-3C-rep1,4.259405048232839e-06,3.7670067736789714e-06,6.054284273110773e-06,0.32128240188226787,0.6786942608155793,1.2277594282211386e-06,6.492446626941509e-07,4.289722098957445e-06,3.0898798678990698e-06
2-3C-rep2,2.2787104691237118e-06,2.015285626804509e-06,3.238940837972733e-06,0.3258749177499903,0.6741125971836368,6.56830761801716e-07,3.4733503697133745e-07,2.2949295842575903e-06,1.6530340560678488e-06
2-4A-rep1,3.880625532748304e-06,0.0001847323186832053,0.017863595787831647,2.1250138433181476e-06,0.9657108556516928,1.118577484713297e-06,5.915087639051311e-07,0.016230285412515096,2.8151036524382265e-06
2-4A-rep2,1.5137797309469587e-06,1.3387828665651248e-06,0.02698290196555397,8.289392668399342e-07,0.9417860081426229,4.3634200454621557e-07,2.3073959853140866e-07,0.031225643174352967,1.0981340027822095e-06
2-4B-rep2,2.5270218595360345e-06,0.028572953185173527,0.18441459178369957,1.3837862964527205e-06,0.5568434850487007,7.284056994423413e-07,3.851841832924298e-07,0.23016211241898504,1.8331654024687702e-06
2-4C-rep2,3.7262574217824474e-06,0.04953142414937606,0.6701583061914613,2.040482530002534e-06,0.26898066378852903,1.0740813868994372e-06,5.679790288834896e-07,0.011145405623451687,0.00017679144681430545
2-5A-rep1,3.0416039215885837e-06,2.6899866168460206e-06,4.3233114904500105e-06,1.6655692193750565e-06,0.129111039468831,8.767322781838039e-07,4.6361993981771646e-07,0.8708736932514917,2.2064562109064008e-06
2-5A-rep2,2.0419745549774272e-06,1.805916998542183e-06,2.902446302781488e-06,1.1181764796453725e-06,0.1489267517845003,5.885924169389192e-07,3.112502957957445e-07,0.8510629985585989,1.4812998521482735e-06
2-5B-rep1,2.0740281526977083e-06,0.017879376472270593,2.9480070302485854e-06,1.1357288918296805e-06,0.40891428947518177,5.978317605476727e-07,3.1613610191288564e-07,0.5731977577682699,1.504552340504769e-06
2-5B-rep2,2.744256607190188e-06,0.0114772117801232,3.900664395649572e-06,1.5027431095023609e-06,1.045824435758663e-05,7.910228975132975e-07,0.9180473045752472,0.07045409596029391,1.9907529682869554e-06
2-5C-rep1,2.3136871766874096e-06,2.0462189362271718e-06,3.288656450395164e-06,1.2669651421085251e-06,0.2200881232257786,6.669126821622321e-07,3.526664014335565e-07,0.7799002632603904,1.6784070420418644e-06
2-5C-rep2,5.6191189436496e-06,4.969534215023253e-06,7.986970730428855e-06,3.0770053543532963e-06,0.25571743911788825,1.6196924648488309e-06,8.565006008812597e-07,0.7442543558091754,4.076250627189489e-06
2-6A-rep2,0.19548043228858739,0.09859628802951213,5.473713695833595e-06,2.1087652526520013e-06,0.6208079973984836,1.1100244544661652e-06,5.869858833552684e-07,0.08510320921573405,2.793578396461626e-06
2-6B-rep2,0.24026706925710412,2.372564098700739e-06,3.8131541493573257e-06,1.4690295145124413e-06,0.7528261015067672,7.7327653392934e-07,4.0891208073853226e-07,0.006896046208734178,1.9460910171700866e-06
2-6C-rep2,0.027331769673249164,2.111613320222201e-06,3.393757453487921e-06,1.3074556309533432e-06,0.5942279487338364,6.882263076283734e-07,3.63937141660413e-07,0.3784306845564041,1.7320466563881278e-06
2-7A-rep1,4.900040171861569e-06,0.5409581094375342,0.0026396218488538557,0.00011714658747570641,0.26374222432333,0.0010315825394485243,7.468942006085886e-07,0.18234504599123225,0.009160622337752793
2-7A-rep2,2.8287598776411107e-06,0.5540741769921194,4.020776668496153e-06,1.5490167367819025e-06,0.24397412256077725,0.002776129675290281,4.3117694415181515e-07,0.18938501004492217,0.009781730996663783
2-7B-rep1,0.04087233156454961,0.012860086148474678,6.359927691843633e-06,0.0001069715556853348,0.06534291046556193,1.2897414185101737e-06,6.820210156614591e-07,0.7295636949194054,0.15124567365619687
2-7B-rep2,0.05127572386621322,0.00863647896906196,3.5984736631727886e-06,1.3863231884521329e-06,0.04471845230874821,7.297410838120077e-07,3.858903405042765e-07,0.7810464361080586,0.1143168083196421
2-7C-rep2,0.04263147476496722,0.017200493749063732,3.190538669496305e-06,1.2291649613675548e-06,0.6250799591008541,6.470151971515369e-07,3.4214452259696083e-07,0.28272896264901826,0.032353700872746034
2-8A-rep2,2.607047295925253e-06,6.320544375865622e-05,3.7056361778799795e-06,1.427607881068289e-06,0.024552545836870953,7.514727670050134e-07,0.9753712401339708,2.6256034051041167e-06,1.8912178727125832e-06
2-8B-rep2,1.993757853674654e-06,0.012250603179012493,2.8339114691385188e-06,0.00838432820992532,0.9754437310720119,0.003912751697907261,3.039008102175811e-07,2.0079487693771915e-06,1.4463222407295726e-06
2-8C-rep1,0.025003788599075226,4.44344286444892e-06,7.14144355690293e-06,2.751263376825005e-06,0.9749709564493808,1.448226456269714e-06,7.658286106325233e-07,5.060021443090114e-06,3.644725235684048e-06
2-8C-rep2,0.028886535676454134,2.086937082314726e-06,3.3540981249922463e-06,1.2921767511064032e-06,0.9711016029141621,6.801837195566927e-07,3.5968418521001805e-07,2.376523499689938e-06,1.7118060209694314e-06
2-9A-rep1,3.356653408164798e-06,0.9770741300616976,4.771120311219791e-06,8.02484221176941e-05,1.2792062329133544e-05,9.675442514805571e-07,5.116417164104361e-07,0.022820787493112418,2.4350010557709805e-06
2-9A-rep2,1.3024299019742371e-06,0.9867841758380343,0.004109137081917729,7.132050099373149e-07,3.538784395238912e-05,3.7542111483608084e-07,1.9852436028380632e-07,0.009067764840203014,9.448155054259504e-07
2-9B-rep1,4.756312385563146e-06,0.04055786441121031,6.76058438862582e-06,2.604536195820263e-06,0.5193271595702817,0.4400918890839634,7.24986329185604e-07,4.7901662600414634e-06,3.450348985168218e-06
2-9B-rep2,0.004905659889284811,0.026952382322370644,2.5075022919285985e-06,9.6602306916219e-07,0.570136117973408,0.3979990409829964,2.6889759487482964e-07,1.7766737585557277e-06,1.2797352256735024e-06
2-9C-rep1,3.5486462786672152e-06,3.1384135619307103e-06,5.044017441985608e-06,1.9432234322971876e-06,0.13985776702892008,0.8599560791335318,5.40906448230374e-07,0.00016936435285772261,2.574277527162612e-06
2-9C-rep2,1.0230715690900746e-06,9.048018413556642e-07,1.4541857468048456e-06,0.011710883781492779,0.12485028711690943,0.8634335185842108,1.5594284841762987e-07,1.0303534575941684e-06,7.421619237792032e-07
3-10A-rep2,0.023876328813133788,0.2745020826293443,0.652584551271942,0.005633016312407119,0.032689512681347996,9.78671252630938e-07,5.175257242564547e-07,0.010710549090670133,2.4630041775995504e-06
3-10B-rep1,5.51345860508814e-06,4.876088485734051e-06,0.6128030365524011,3.019146207615742e-06,0.21368793808090894,1.5892362214559442e-06,8.403952035094024e-07,0.17348918744001432,3.999601952254968e-06
3-10B-rep2,3.6731823934396874e-06,3.2485529787279456e-06,0.6068135659999746,2.011418872865023e-06,0.22808195378822313,1.0587826853875996e-06,5.598890072763232e-07,0.1650912637666982,2.6646191663127743e-06
3-10C-rep1,0.4955361224905934,4.10521314738718e-06,0.3006868595302472,2.5418403996666705e-06,0.19465204596890978,1.3379891381611617e-06,7.075346250466079e-07,0.009112912139961061,3.367292978121738e-06
3-10C-rep2,0.5030816995688921,3.0839610401913563e-06,0.26506591884849584,1.9095078578186956e-06,0.21448947651555333,1.0051381563255682e-06,5.315215409993774e-07,0.017353845325509452,2.5296129537261154e-06
3-11A-rep2,0.15903413620902251,3.930068452675664e-06,0.717716037925923,2.4333953945423047e-06,0.09479115776602269,1.280905208358464e-06,6.773483883147865e-07,4.475410453109798e-06,0.028445870971134754
3-11B-rep2,0.6029145781579961,3.5378482928647894e-06,0.35659383929044,2.1905429501069826e-06,0.04038371512892983,1.1530710875092718e-06,6.097491349400543e-07,9.747429809205523e-05,2.9019130765002446e-06
3-12A-rep2,0.9742029802272079,0.01106722892573314,6.788248238400842e-07,2.6151937801225905e-07,0.01472781262394478,1.3766013288834016e-07,7.279529237500146e-08,4.809767293354222e-07,3.4644675776611517e-07
3-12B-rep2,0.5893078925983001,0.008846793950421124,0.0003041255990581701,2.3291873729319713e-06,0.39040130477133045,1.2260515672556735e-06,6.483415381968228e-07,0.011132593918686403,3.0855817252067284e-06
3-12C-rep2,0.6099209696262727,9.797016847365638e-07,1.574563800544466e-06,6.066056091313674e-07,0.39007346209720606,3.193086852627882e-07,1.6885185720716946e-07,1.1156465119110593e-06,8.035983724175508e-07
3-1A-rep1,5.149981434380434e-06,0.1582015442642478,7.320142426444696e-06,2.8201076729862566e-06,1.9626358605338825e-05,1.4844651282572173e-06,0.631585724595319,5.186637316272123e-06,0.2101711434478493
3-1A-rep2,2.7468979532339967e-06,0.31095398528285906,3.904418783793407e-06,1.5041894992301817e-06,0.190200400581711,7.917842567810257e-07,4.186990471456966e-07,2.766449473608435e-06,0.49883348169641606
3-1B-rep1,0.02728038153975615,0.15225296319088358,5.423945658932824e-06,0.000180367798500083,1.4542381330384713e-05,1.0999319028493936e-06,0.7513540831061678,3.84309994494418e-06,0.06890729500585517
3-1B-rep2,0.07810120257220304,0.5388949750391512,3.5149111178807673e-06,1.354130457570154e-06,0.1447115822056677,7.127952817650019e-07,3.769293247863761e-07,2.4904664561608147e-06,0.23828379095034
3-1C-rep1,4.248836246712036e-06,0.06779248737169864,0.00010529069628766551,2.3266444458660946e-06,1.619213290297315e-05,1.2247130061116593e-06,0.8408588000782153,4.279078072167343e-06,0.09121515044912447
3-1C-rep2,0.0005928080103359737,0.37238055873884546,5.12171293623257e-06,1.973155863487428e-06,0.2924276086946416,1.0386415738735589e-06,5.492382976579374e-07,3.628954997150178e-06,0.33458671285250846
3-2A-rep1,0.06898152688631193,0.048356439756063276,0.3200281482461245,3.2018268300603283e-06,2.2282908614058973e-05,1.6853967390932553e-06,0.5625965846909194,5.8886810160149194e-06,4.241607381579812e-06
3-2A-rep2,0.12119680343998517,0.10309641492632957,0.7000744751284359,1.2780168141453997e-06,0.07562595648684539,6.727301273274741e-07,3.5574269238863513e-07,2.3504810694162625e-06,1.6930477006965746e-06
3-2B-rep2,0.05919652777510667,2.952640854220087e-06,0.6604104450698142,1.8281978400414306e-06,0.2803809908387975,9.623377033058043e-07,5.088884705091475e-07,3.362353582991435e-06,2.421897830483821e-06
3-2C-rep2,0.014191525887004239,0.0387950361070557,0.529888442345884,2.104978101955667e-06,0.19262589989266196,0.00907044896040587,5.859317100687484e-07,3.871397563334147e-06,0.21542208449961278
3-3A-rep2,1.5873682149518704e-06,1.4038643308945805e-06,2.256272486554484e-06,0.5449345131772784,0.45505678962411283,4.575536418576319e-07,2.4195640696707617e-07,1.5986665822464501e-06,1.1515169453906673e-06
3-3B-rep1,0.2241440526545368,4.4686169267523995e-06,7.181902982290535e-06,0.1399863655426339,1.9255718698856837e-05,1.4564312974597225e-06,0.6358284650700184,5.088688694802619e-06,3.6653742105805783e-06
3-3B-rep2,0.39655524896482386,2.7674589926333516e-06,4.447824084801331e-06,0.49282279951677244,0.11060793580219325,9.019824158963762e-07,4.769723252813181e-07,3.151475617619771e-06,2.270002774171483e-06
3-3C-rep1,5.254277864217148e-06,4.646869710949242e-06,0.376445601324557,2.8772199491750686e-06,0.021744689471676976,1.5145282294677859e-06,0.5927036844719501,0.009087920250357215,3.811585704845791e-06
3-3C-rep2,1.8324576347453628e-06,1.6206207778782216e-06,0.816519711644826,1.0034459156820915e-06,0.14400507243259014,5.281998571156883e-07,2.7931444074922345e-07,0.02547118645289282,0.013998765431064994
3-4A-rep1,4.959648457686847e-06,4.386300228226501e-06,0.11308228771733903,2.7158821539557256e-06,1.8901007785611193e-05,1.4296022767578283e-06,0.8868767270380457,4.994949611760063e-06,3.5978541011546307e-06
3-4A-rep2,3.306358391540668e-06,2.924134783169171e-06,0.6020550940077993,1.8105476278766604e-06,0.38255982339805505,9.530468791589383e-07,5.039754412537971e-07,3.3298919681634525e-06,0.015372254639054356
3-4A2-rep1,2.777913344682458e-06,0.011942428983729334,0.6195846800655974,1.521173394127465e-06,0.34042957663998646,8.007243408631011e-07,4.2342660349012967e-07,0.006427021860802251,0.021610769212201245
3-4B-rep1,0.00036778120745472676,4.576100246409401e-06,7.354648775148666e-06,0.7341610373026526,0.26544800596224255,1.4914627340919725e-06,7.886921472225326e-07,5.211086555837429e-06,3.753537191296109e-06
3-4B-rep2,5.064081611016582e-06,4.4786606380806855e-06,7.198045104455906e-06,0.6875350641661574,0.3124371897046661,1.459704788063402e-06,7.718984036900134e-07,5.100126086086739e-06,3.6736125449656142e-06
3-4B2-rep1,3.9326741692499665e-06,3.478046832006083e-06,0.00018932185362465704,0.8040133067915051,0.19578141408449728,1.1335803321690664e-06,5.9944233656764e-07,3.960665656540418e-06,2.8528610463129433e-06
3-4C-rep2,4.356501103630253e-06,0.06625381215739999,0.19397304695944842,2.3856012582303237e-06,0.12834409652658524,1.255747045296137e-06,0.5709104513808937,4.387509252290675e-06,0.04050620761701311
3-4C2-rep1,3.0000386219781857e-06,0.2644842999945058,0.4410873285548655,1.6428082401647778e-06,0.27885946494510083,8.64751217940502e-07,4.5728430171339244e-07,0.015560765319451941,2.1763036940607334e-06
3-5A-rep1,2.876661719994563e-06,2.5441121616969424e-06,4.088863964146483e-06,1.5752475795319988e-06,1.096283456984079e-05,0.0036295148838434653,4.384784369962438e-07,0.9705419249459665,0.025806073971757715
3-5A-rep2,2.2002409497921434e-06,1.945887387495949e-06,3.127404890715315e-06,1.2048424764222226e-06,0.008745860370949193,6.342121821887523e-07,3.353742311702237e-07,0.9680630874303131,0.023181604236619913
3-5B-rep1,0.06106000998479753,4.00617114869598e-06,0.11523939860901515,2.480516189571208e-06,0.2807454932307555,1.3057089340127022e-06,6.904647090904911e-07,0.5429433292604761,3.2860539742604443e-06
3-5B-rep2,0.06133203578585355,2.7774070009374057e-06,0.07820614135618746,1.7196976302662882e-06,0.321548509095839,9.052247145491594e-07,4.786868672728464e-07,0.5389051545832986,2.2781626083398643e-06
3-6A-rep2,0.9008247828928454,4.4206145281291275e-06,7.10475415179543e-06,2.737128669215058e-06,0.06108563957337493,1.4407861444170608e-06,7.618941405335122e-07,0.0380694863558075,3.626000337893841e-06
3-6C-rep2,0.6237621955935821,3.3247215541322347e-06,5.343449222948118e-06,2.0585804586820476e-06,0.17854465191004865,1.0836078827406317e-06,5.730166823821354e-07,0.19767804202427827,2.7270962898881095e-06
3-7A-rep2,0.0856592874523353,0.2982936425490649,0.11577732598638593,0.006782344934190939,0.0957135377202551,1.6087121018806673e-06,8.506941359601524e-07,0.04328877224659335,0.35448262970493666
3-7B-rep2,0.025741406850534426,0.06385953218062207,7.386790795277544e-06,2.8457841646974733e-06,1.980505250375928e-05,1.4979808733921983e-06,7.921389683619964e-07,0.023799088370002427,0.8865676448515355
3-7C-rep2,0.21058135646220466,2.8022815954282337e-06,0.18963589829349772,1.7350993273115086e-06,0.5997713218612117,9.133319518715562e-07,4.829740105354212e-07,3.191130255300853e-06,2.2985659453543875e-06
3-8A-rep1,0.21174613627298136,0.00025314611633373387,0.07725235954136073,1.9534249972977585e-06,0.7107386521839661,1.0282555226282678e-06,5.437461074271175e-07,3.5926667206981854e-06,2.5877920098959814e-06
3-8A-rep2,0.1537771810183975,2.3762869542521917e-06,0.06471463686668842,1.4713346091087665e-06,0.7814984952810696,7.744899033968807e-07,4.095537159258248e-07,2.706023979660785e-06,1.9491446820851338e-06
3-8B-rep1,0.00020686122089754743,0.04235638196231225,4.136675811765575e-06,0.11598168455158141,1.109102503558448e-05,8.388840860919697e-07,4.436056469982762e-07,0.07451300112454035,0.766925560950088
3-9A-rep2,0.030420049865158044,0.6587863988300481,0.24872175115601944,4.6424777421128916e-07,0.06206949346401287,2.443735174685465e-07,1.2922580619081416e-07,8.538272679393124e-07,6.150103957806797e-07
4-10A-rep1,2.7052373134427845e-06,2.392504861301231e-06,0.991446114525078,0.008532599124959177,1.030954350082214e-05,7.797757150456944e-07,4.123488767057921e-07,2.724492307021704e-06,1.962447388318748e-06
4-10A-rep2,2.2720586844781076e-06,0.0011165750106985855,0.9943549753847493,0.0044595066011303575,6.173327106134898e-05,6.549134068611416e-07,3.4632113112541627e-07,2.288230454386485e-06,1.6482086836908828e-06
4-10B-rep1,2.2708534391715046e-06,2.0083368898997525e-06,0.8339456604462282,1.243509571759306e-06,0.16588474260359898,6.545659988847354e-07,3.461374202377012e-07,0.00016142621248448717,1.647334368342476e-06
4-10B-rep2,2.7955095168292876e-06,2.472341363766045e-06,0.8932726872874114,1.5308089822783632e-06,0.10671443880746607,8.057963793307352e-07,4.2610872005824427e-07,2.815407038399346e-06,2.0279331218229068e-06
4-10C-rep1,3.381844707331977e-06,2.990894685006613e-06,0.9806958321659305,1.8518836095847466e-06,0.019288593732947952,9.748055602106285e-07,5.154815288596907e-07,3.4059155708384794e-06,2.453275459651678e-06
4-10C-rep2,2.695018858679133e-06,2.3834676864199225e-06,0.9945002537170979,1.4757807302887939e-06,0.0054873351582461136,7.76830279231101e-07,4.1079131710740764e-07,2.7142011206422776e-06,1.9550346634668714e-06
4-11A-rep1,0.04015621716027316,0.010040140453466335,0.8532856657334833,9.375486056817169e-07,0.08355509157508266,4.935124373130513e-07,2.609715784165572e-07,1.7243045826326464e-06,0.01295946874049054
4-11A-rep2,0.035801696661396445,0.012082505301560149,0.9288687850232825,9.440047144399082e-07,0.023242322584618082,4.96910842419202e-07,2.6276867019701913e-07,1.7361784181332917e-06,1.250566497670023e-06
4-11B-rep1,0.07576395698924192,3.3784206427254404e-06,0.9194782816669842,0.0047315232300903865,1.4557953525457063e-05,1.101109726052371e-06,5.822717352013344e-07,3.84721519269251e-06,2.7711428612741833e-06
4-11B-rep2,0.07280132076545616,1.5950173902289854e-06,0.9269325280216627,9.875929690119346e-07,0.0002596491915615491,5.198550883193076e-07,2.7490168978357503e-07,1.816344317428564e-06,1.3083098648649952e-06
4-11C-rep1,0.01233101819845109,2.6519254465082127e-06,0.9296490152084994,1.6420027401327276e-06,0.0580091561304821,8.643272140204239e-07,4.570600865489682e-07,3.0199104690124313e-06,2.1752366110911834e-06
4-11C-rep2,3.5339986979410335e-06,3.1254592795394577e-06,0.9485396999589873,1.9352024801203844e-06,0.05144402523898939,1.0186634451491e-06,5.386737740657508e-07,3.5591525437417794e-06,2.563651802610299e-06
4-12A-rep1,0.6590692680630358,1.0501376412395957e-06,0.24317536998343556,6.502177075537162e-07,0.09775108111159325,3.4226548223130387e-07,1.8099151385469104e-07,1.1958562639304779e-06,8.613733266585754e-07
4-12C-rep1,0.9516063166328266,2.1494974884429196e-06,0.0002873290809350804,1.3309125151232865e-06,0.04809759195011465,7.005736824826736e-07,3.7046648856516714e-07,2.4477648785382614e-06,1.763121070566305e-06
4-12C-rep2,0.9969662442533056,0.0016198534258383647,3.718903176616872e-07,1.4327190336601083e-07,0.0014128185625777703,7.541632060476203e-08,3.988048676898741e-08,2.635003647164314e-07,1.897988851816857e-07
4-1A-rep1,2.3611697036964514e-07,2.0882123599210904e-07,3.3561477345682125e-07,1.2929663695803455e-07,0.17625791583328726,6.805993636473148e-08,3.599039796593327e-08,2.3779757366671984e-07,0.8237408324691878
4-1A-rep2,1.8167486916292299e-06,1.6067278293429887e-06,2.582312061748807e-06,9.94843766027616e-07,0.1918296633080311,5.236718061790384e-07,2.7691998721422874e-07,1.8296797140641201e-06,0.8081607057881128
4-1B-rep1,0.001592198555453932,0.04048696271574885,4.4637400325378484e-07,1.719669752667621e-07,0.2501618136599073,9.052100401721924e-08,4.7867910739684366e-08,3.1627527545448446e-07,0.707757952063721
4-1B-rep2,3.3150637674549327e-06,0.039186971039337874,4.712005128507002e-06,1.8153146542678928e-06,0.3399690211397709,9.555561749957788e-07,5.053023680863198e-07,3.3386593060935813e-06,0.6208293659194918
4-1C-rep1,2.60847699695306e-06,0.034307684593586116,3.70766834348759e-06,1.4283907791990818e-06,0.04839088193912167,7.518848736012516e-07,3.976000753285636e-07,2.6270432822757957e-06,0.9172899124029414
4-1C-rep2,7.941320090474793e-07,0.02906959555158528,1.1287728869891674e-06,4.348632709873476e-07,0.06027413941039682,2.2890592707654107e-07,1.2104647539039933e-07,7.997843807115251e-07,0.9106527575330677
4-2A-rep1,2.492446280145516e-06,2.204313023537052e-06,0.8543639619346072,1.3648528579579314e-06,0.14562455982976513,7.184394029520532e-07,3.7991396124858695e-07,2.5101866968111896e-06,1.8080834049902646e-06
4-2A-rep2,4.587107021885235e-06,4.0568255489580914e-06,0.9565642955606087,2.511880066764544e-06,0.043414579853611315,1.3222184391023246e-06,6.991950090310008e-07,4.619756547977942e-06,3.3276031460548825e-06
4-2B-rep1,0.014017042182731159,1.8815770634857984e-06,0.7006990586835783,1.1650232091111708e-06,0.2852762289639129,6.132518783243909e-07,3.242903289825607e-07,2.1426674267016707e-06,1.5433598710223294e-06
4-2B-rep2,0.010220666005323125,5.2260910553821915e-06,0.7327101434027982,3.235858626576259e-06,0.25704788665145234,1.7033105994978649e-06,9.007182435052574e-07,5.951271032502622e-06,4.2866908689049745e-06
4-2C-rep1,2.1024472817353596e-06,0.00010008436990031163,0.22140207298869072,1.1512910846025773e-06,0.08015958865547775,6.060234805702344e-07,3.204679200041861e-07,0.23289352360330803,0.46544055015285635
4-2C-rep2,1.797072234888893e-06,1.5893260220521788e-06,0.27185871118370347,9.840690229848224e-07,0.015790961439243408,5.180001325524702e-07,2.739207808990895e-07,0.23915630731768497,0.4731888576711748
4-3A-rep1,0.05738004508829134,1.491995119632561e-06,0.048041009513092446,0.7147082740425084,0.17986551310502097,4.862776164322638e-07,2.571457728601665e-07,1.6990265270942912e-06,1.223806050832759e-06
4-3B-rep1,0.10609388296150675,3.2132618635538e-06,0.019186281455390128,0.5778967976421399,0.29681192878163554,1.0472804497956052e-06,5.538065737836535e-07,3.6591387417023547e-06,2.635671698775889e-06
4-3B-rep2,0.07702908232676237,1.5284360441726604e-06,0.05535072822051732,0.6429855736257726,0.2246293315892299,4.981546029537155e-07,2.634263763161018e-07,1.7405240471938998e-06,1.2536966472316912e-06
4-3C-rep1,2.297051252899057e-06,0.01722636860869319,3.2650102813598247e-06,0.8421693912638762,0.14059368607797737,6.621174321103988e-07,3.50130651814474e-07,2.313400911727595e-06,1.6663389232751698e-06
4-4B-rep1,3.9931576279404536e-07,0.7047501615187,0.23774041068504298,2.1866359344173518e-07,1.5217752640895083e-06,1.1510144892444726e-07,6.086615966031167e-08,4.021579616689291e-07,0.05750670991606654
4-4C-rep1,8.945450305959359e-05,0.38748174300355137,0.11718379497326882,0.043750966534659846,0.13700827345706834,1.0585102110539028e-06,5.597449216331527e-07,3.6983748932874676e-06,0.31448045089836596
4-4C-rep2,4.92257836359009e-06,0.3696966614648578,0.14558412346526042,0.009891821083085126,0.11673343860571628,1.4189169446476034e-06,7.503296101366378e-07,4.957615664869226e-06,0.35808190594049705
4-5A-rep1,4.0683426342573675e-06,3.5980316704683334e-06,0.16907333639451777,2.2278069203538008e-06,0.00609775466499272,1.172686318835968e-06,6.201217567694139e-07,0.8248142706728155,2.951278373143379e-06
4-5A-rep2,2.264208939808486e-07,2.0024605119021772e-07,0.14754557226602602,1.2398710724995402e-07,8.628803263917299e-07,6.52650743902789e-08,3.4512462485927046e-08,0.8524527501706302,1.6425142808932727e-07
4-5B-rep1,2.1489914408673016e-06,1.9005624547690896e-06,0.24648378741742497,1.1767784658627145e-06,0.18388984439038097,6.194396806159603e-07,3.2756246643820927e-07,0.5696186359250848,1.5589326007345026e-06
4-5B-rep2,1.1637756744814531e-06,1.0292401871085915e-06,0.24997160658207881,6.372785515943784e-07,0.13647525196179383,3.354544920004311e-07,1.7738983183668932e-07,0.6135489540851592,8.442322311710639e-07
4-5C-rep1,2.006654921710595e-06,1.774680406517385e-06,0.28017357415430894,1.098835600449594e-06,0.03305438626661472,5.784116493778117e-07,0.6867631043807646,2.020937634521277e-06,1.4556780992187087e-06
4-5C-rep2,1.5700359875298238e-05,5.700140688421127e-07,0.29377041405832127,3.529377736411625e-07,0.03619668918373479,1.8578149424353498e-07,0.6700149710017695,6.491100480397075e-07,4.6755291443619164e-07
4-6A-rep1,0.7656934825911992,0.00899498314237703,4.929198862338185e-06,1.898989216813166e-06,0.22529716965455104,9.996012912196941e-07,5.285936220313639e-07,3.492550454533492e-06,2.515678425813998e-06
4-6A-rep2,0.7918573459420273,0.002553199804880788,2.6768280897037417e-06,0.019445482062609567,0.18613720266670933,5.428388850945548e-07,2.8705562404934267e-07,1.8966484052477664e-06,1.3661527690295462e-06
4-6B-rep1,0.6340939909428495,0.0866058662119276,4.056696992937886e-06,1.5628551536695759e-06,0.27928832086777455,8.226650345172357e-07,4.350289401721564e-07,2.87434516688765e-06,2.070386160147212e-06
4-6B-rep2,0.7432259280529662,0.0866961673061125,1.591323494263677e-06,6.130623333453253e-07,0.1700732672251876,3.227074143362229e-07,1.706491203029764e-07,1.1275214793350976e-06,8.121518921862114e-07
4-6C-rep1,0.26607210354153876,1.7400961381097315e-06,0.6565603873730803,1.0774219277667421e-06,0.07304005069150502,5.671397923951499e-07,2.999060522365617e-07,0.004322346519544019,1.4273104213463214e-06
4-7A-rep1,0.046697952020565404,1.3018622548099203e-06,0.1690791115543138,8.06078991582481e-07,0.3633647438959796,4.2430867625626556e-07,2.2437632085084874e-07,1.4825105500945434e-06,0.42085395339234766
4-7B-rep1,3.6314290122940867e-06,3.211626396771451e-06,5.16168415754961e-06,0.018834026999475235,0.07245780693059317,1.0467474112633671e-06,5.535247006299143e-07,0.010267966518648154,0.8984265945396048
4-7B-rep2,1.533793213295853e-06,1.3564827384297336e-06,2.1801214076397233e-06,0.0303120987624972,0.031535287064504196,4.421108246906127e-07,2.3379017635854773e-07,0.01662615950087203,0.9215207083737662
4-7C-rep1,2.260540873675662e-06,1.9992164837310636e-06,3.2131147203050664e-06,1.2378624552689729e-06,0.038239797141672645,6.515934359626151e-07,3.44565515703842e-07,0.0029593846552023757,0.9587911113096405
4-7C-rep2,7.004813954345104e-07,6.195039287312348e-07,0.003584496564602197,3.83580597953483e-07,0.04118838539624159,2.0191144720904855e-07,1.0677167401374272e-07,0.008689467937780086,0.9465356378523329
4-8A-rep1,0.06529517991662283,3.592909878867741e-06,0.683474709455702,2.2246356412163596e-06,0.25121546428163827,1.1710170019738512e-06,6.192390145658822e-07,4.091467266433682e-06,2.947077233696319e-06
4-8A-rep2,0.03848178178374521,4.247051370011084e-06,0.7087460591098528,2.62966291010363e-06,0.2527548461800836,1.3842176759820677e-06,7.319804820724128e-07,4.836378379949431e-06,3.483635500159777e-06
4-8B-rep1,0.9189328483489322,2.1059752791141877e-06,3.384696067177203e-06,1.3039647036497385e-06,0.08105518203533318,6.863887324545168e-07,3.629654237110308e-07,2.398203464298866e-06,1.7274220643019753e-06
4-8B-rep2,0.9505759629866245,2.423080279726596e-07,3.8943430982223603e-07,1.5003078099768615e-07,0.04942265982057881,7.89740989997108e-08,4.1761855855532106e-08,2.759310414868126e-07,1.98752681490891e-07
4-8C-rep1,0.189581834755987,4.715747200851666e-06,0.6166917212424943,2.9198670859194895e-06,0.19370722045635505,1.5369770841422147e-06,8.127603385692095e-07,5.370111124284924e-06,3.868082329934966e-06
4-8C-rep2,0.18681639305215722,4.036927319545931e-06,0.6749601833325699,2.4995596045654366e-06,0.13820696725081033,1.3157331205899218e-06,6.957655436705517e-07,4.597097211383199e-06,3.311281662669966e-06
4-9A-rep1,4.533189180861973e-06,0.010911073279511145,0.9672406555111027,2.4823548890298315e-06,0.0038294535469892816,1.3066767996207489e-06,6.909765207416872e-07,0.018006515975222393,3.2884897840684523e-06
4-9B-rep1,0.0010782081705571016,5.075461461383761e-06,0.762667872715597,0.017698885683957465,0.18998299158382467,0.007240821844968898,8.747571911836664e-07,5.779739857499982e-06,0.02131949004258479
4-9C-rep1,1.0542375644084525e-06,0.0419647388863208,0.7159473806378979,0.047997912337103536,0.1637712203343581,0.006107712341348131,1.6069336072835805e-07,0.02420905576152348,7.647705229630835e-07
5-10A-rep1,0.020863323976512842,2.6413794820077806e-06,0.7996039982920609,0.05993150092222134,0.11959204480977359,8.608900268522029e-07,4.5524248664107616e-07,3.007901131177304e-06,2.1665863045334283e-06
5-10B-rep1,2.680002872034358e-06,2.370187586790091e-06,0.7950119602694764,0.009016443047025178,0.1959607222686374,7.725019707071645e-07,4.085024882513092e-07,2.6990782551203745e-06,1.944141687967962e-06
5-10B-rep2,4.74945238644719e-06,4.200403368173475e-06,0.8396435421612134,2.6007796898230882e-06,0.1572281070038514,1.369013953901189e-06,7.239406860120418e-07,0.002667479213017966,0.0004472280318328068
5-10C-rep1,2.861279963439794e-06,2.5305085761076985e-06,0.6982666121354654,0.06303033872679853,0.2220486351370061,8.247544932010906e-07,4.361338552452813e-07,0.008825572940517577,0.007822188383324307
5-11A-rep1,4.170195645773986e-06,0.00039334577234636814,0.8083507475854732,2.2835811911846097e-06,0.14136420937705568,1.2020451127910359e-06,6.356468179828162e-07,4.199877733176524e-06,0.04987920591862369
5-11B-rep1,0.045511726821767226,0.007677939584403018,0.6272786767834355,0.1183245219005766,0.11181334425589487,0.00781205336071853,4.432139401344111e-07,0.012365025552136635,0.0692162685271273
5-11C-rep1,3.6681465067635134e-06,0.03530616892625926,0.7378534801006775,0.010627160793642749,0.16830267905267549,1.057331107696323e-06,5.591214065176691e-07,3.69425517275126e-06,0.04790153227255115
5-11C-rep2,3.2742416720763226e-06,0.04161085637524623,0.8519735393082137,0.00107258606546978,0.044756332731825145,9.437893409160696e-07,4.990800137329694e-07,3.2975466524040652e-06,0.06057867086156583
5-12A-rep1,0.1999630055203599,1.6645842190250052e-06,0.17995889295036116,0.010772902967147287,0.5744337508293423,5.425286153600737e-07,2.868915520296318e-07,0.004574445438719826,0.03029450828968305
5-12A-rep2,0.17603396994591786,0.0016841253572420117,0.25520530538969594,0.03545643029515138,0.5157501237330686,9.020483530736183e-07,4.770071931547904e-07,0.015866396054660867,2.2701687170686205e-06
5-12B-rep1,0.15150832456104305,0.0032658315612100583,0.5212784505919614,1.9611057251699115e-06,0.3015172896609104,1.032298550061249e-06,5.45884078369676e-07,0.022423966369497807,2.5979670236514305e-06
5-12B-rep2,0.22998639410130803,0.005725756713323714,0.5437365731145687,1.9441904169006128e-06,0.2075205895779652,1.023394569018247e-06,5.41175613473361e-07,0.013024602173698737,2.5755585361769836e-06
5-12C-rep1,0.21312029554386838,3.0937894574083937e-06,0.680703945443998,0.014792613569274127,0.050432451068754824,1.0083414773248885e-06,5.332154714338749e-07,3.523088171143639e-06,0.04094253593952715
5-12C-rep2,0.24499698612940105,2.5150432020291734e-06,0.627768316840601,0.03766741373059492,0.02817719233234806,8.197139504103135e-07,4.334683937315913e-07,2.8640342456938395e-06,0.061383458707262986
5-1A-rep1,1.7220358545264892e-06,1.5229640419407078e-06,2.447687992509201e-06,0.0001618477719534338,8.701500112900056e-05,4.963711439011676e-07,2.6248327521308043e-07,1.7342927419931856e-06,0.9997429513918676
5-1A-rep2,9.115740853226957e-07,8.06193755990753e-07,1.2957041150228838e-06,4.991740465998853e-07,0.00028029693821325684,2.6275821742788615e-07,1.3894771754369913e-07,9.180623712384552e-07,0.9997148706474777
5-1B-rep1,1.6999483206055843e-06,0.00992906355874424,0.024583055172005774,9.308843854495669e-07,0.34278527455949664,4.900044852456832e-07,2.5911655771431306e-07,1.7120479962366654e-06,0.6226975147080082
5-1B-rep2,1.4551208985583885e-06,0.010266614649783823,0.02338798051015519,7.968179426341658e-07,0.30691165204685406,4.194337899721191e-07,2.2179845923686084e-07,1.4654779727489096e-06,0.6594293941441439
5-1C-rep1,2.4289486837555833e-06,0.0696214559707583,3.4524882347959944e-06,1.3300818474063224e-06,0.16892260573492957,7.001364306462228e-07,3.702352678434658e-07,2.4462371453174704e-06,0.7614452101667024
5-1C-rep2,3.051577515840899e-06,0.059952424578585725,4.337487877561454e-06,1.6710307166710348e-06,0.11506377853338037,8.796071337652455e-07,4.6514017627395094e-07,3.073297645598504e-06,0.8249703187469681
5-2A-rep1,1.2437039729688e-06,1.0999285669177362e-06,0.20197489220142018,6.810469439128683e-07,4.739702556870839e-06,3.584935598839204e-07,1.895729937110606e-07,1.252556250694895e-06,0.798015542793735
5-2A-rep2,4.783417147762442e-06,4.230441714959495e-06,0.17476670553924256,2.6193786469682244e-06,1.8229397813782026e-05,1.3788041840999776e-06,7.291178034155057e-07,4.817463945064762e-06,0.8251965064395013
5-2B-rep1,1.950161415707682e-06,1.7247176963801702e-06,0.8147108444039283,1.0678999996551657e-06,7.431981604333456e-06,5.621275829781814e-07,2.972555735373371e-07,1.9640420262370108e-06,0.185274157410173
5-2C-rep1,0.06396450613754764,1.8058308606589047e-06,0.2384908376560731,1.1181231453253754e-06,0.05237973210883466,5.885643425008636e-07,3.1123544990766037e-07,2.0564105708741184e-06,0.6451590439331754
5-3A-rep1,2.7632777010576413e-07,2.443835629522682e-07,3.927700826361149e-07,0.9240939470330602,0.07590453896566685,7.965056649576696e-08,4.2119574885176925e-08,2.7829458071148224e-07,2.0045513495962998e-07
5-3B-rep1,1.2863062742878667e-06,1.1376059316731305e-06,1.8283454516859636e-06,0.9999880502632095,4.902058101983846e-06,3.707735324425534e-07,1.9606669798118337e-07,1.2954617812479626e-06,9.331190191745933e-07
5-3B-rep2,1.9073253999247178e-06,1.6868336351592744e-06,2.711057070578392e-06,0.9999822810189467,7.268735383411584e-06,5.497802429977342e-07,2.907262450740321e-07,1.9209011177170035e-06,1.3836219584716438e-06
5-3C-rep1,1.124700248702742e-06,9.946819819306492e-07,1.598639939282093e-06,0.9999632789446603,3.055881689599994e-05,3.241911296603146e-07,1.714337155852295e-07,1.132705496877964e-06,8.158859316113834e-07
5-3C-rep2,1.4875834188279486e-06,1.3156149160931072e-06,2.11443917532261e-06,0.9999861804061255,5.669116676492573e-06,4.2879100415425185e-07,2.2674659583902708e-07,1.4981715506104376e-06,1.0791305371542312e-06
5-4B-rep1,0.021968815397980436,0.3756249862011986,0.22752709293797813,0.044775058199534215,6.8523047848813285e-06,5.18282973723887e-07,2.740703485722929e-07,1.8108514378244214e-06,0.33009459175376366
5-4C-rep1,2.3791370299504893e-06,0.44544268709258283,0.3242885721724935,1.3028052001232664e-06,9.066789291574701e-06,6.857783860597224e-07,3.6264266981470034e-07,2.396070948467518e-06,0.23025254751139776
5-4C-rep2,2.9659506306814608e-06,0.42270213023508335,0.3225888585122441,1.624141802812048e-06,1.1303110783056294e-05,8.549254671068173e-07,4.520884008397375e-07,2.9870612963023204e-06,0.25468882397429166
5-5A-rep1,2.8584141786794017e-06,2.5279740835008534e-06,0.3295888118982026,0.026242814514960237,1.0893293971669648e-05,8.239284402150558e-07,4.35697034741233e-07,0.6034180684782887,0.0407327658008395
5-5A-rep2,2.5630304835395477e-06,2.2667375098888178e-06,0.23667591760175244,0.035624981380957356,9.767599364640003e-06,7.387850663062476e-07,3.9067283879255434e-07,0.6844542489776181,0.04322912521440901
5-5B-rep1,1.5067466816833827e-06,1.3325628560435848e-06,0.7160522084416567,0.011334295472289499,5.742147050221361e-06,4.3431475133955434e-07,2.2966757799212322e-07,0.17496636616781516,0.09763788447932141
5-5B-rep2,3.1522449924668158e-06,2.7878372928737238e-06,0.7181707217862661,1.7261557936970775e-06,1.201307061439537e-05,9.086242012061497e-07,4.804845309822172e-07,0.20198512891523449,0.07982308088107372
5-5C-rep1,3.4424901299193333e-06,3.0445293393990093e-06,0.9942615304042569,1.8850927820350304e-06,0.0012193509487476914,9.92286402844032e-07,0.004503789986514415,3.466992647690217e-06,2.4972691790117677e-06
5-6A-rep1,0.7012879282752303,7.577696122682151e-07,0.07471737284468019,4.6919108580976106e-07,0.1346044284862568,2.4697560736615334e-07,1.306018029366256e-07,8.629188230767959e-07,0.08938780293690111
5-6B-rep1,0.884437647753319,1.2018506825313583e-06,0.10894939734579268,7.441544469303647e-07,5.178895179469303e-06,3.917124644166187e-07,2.0713929861791758e-07,1.368621226944792e-06,0.006603862527589411
5-6B-rep2,0.8876572814513496,2.7612020752845234e-06,0.11231956432771163,1.7096639649682252e-06,1.1898296789342251e-05,8.999431338541192e-07,4.7589394384010884e-07,3.144350481341769e-06,2.264870550070816e-06
5-6C-rep1,0.1408376449849165,2.4425145718988027e-06,0.8426261928646975,1.5123410143949272e-06,1.052504036154274e-05,7.960751000422375e-07,4.2096806420373303e-07,2.7814414376183968e-06,0.016517683769836214
5-6C-rep2,0.10873950032661833,0.0001171872914312496,0.8911117401175337,2.646884364060592e-06,1.842082208900488e-05,1.3932828078214935e-06,7.367741642287726e-07,4.8680514386022085e-06,3.50644955291853e-06
5-7A-rep1,0.013408850890082997,2.2863120748018835e-06,0.1763383408419176,0.008878537524419621,0.09820169010618417,7.451648946604907e-07,3.940465204867756e-07,0.00012338073276149292,0.7030457743811442
5-7A-rep2,0.011034596823455258,4.691786915222802e-06,0.15540902219024474,2.9050315049612236e-06,0.15628917137732218,1.5291678423884547e-06,8.08630776692692e-07,5.342826074659411e-06,0.6772519321658639
5-7B-rep1,1.317582629632424e-06,1.1652666591937075e-06,0.18445623783555845,7.215025784004262e-07,5.021250952226449e-06,3.7978883850521736e-07,2.0083403204451793e-07,1.3269607514508686e-06,0.8155336289780002
5-7B-rep2,0.0007548697022901898,1.7814443000060482e-06,0.18153512128079072,1.1030236260432148e-06,5.472988469002264e-05,5.806161673150277e-07,3.070324194124772e-07,2.028640095683824e-06,0.8176494783756207
5-7C-rep1,4.1323218224513476e-05,1.5002723469329415e-06,2.4112181955405124e-06,9.28929321091161e-07,6.464824073700505e-06,0.011175257904341533,2.585723552821115e-07,0.01573356400126118,0.9730382910598804
5-7C-rep2,2.1180506918155513e-06,1.8731985365831446e-06,3.0105803153025948e-06,1.159835444820682e-06,8.071800442686259e-06,0.01538795008200127,3.228462875460557e-07,0.014597841069892082,0.969997652536388
5-8A-rep1,0.002327165260640958,4.161190330361339e-05,0.9976200118762497,9.398791871365392e-07,6.541028964650446e-06,4.947392227054627e-07,2.6162030800476995e-07,1.7285909015054972e-06,1.2451012217536019e-06
5-8A-rep2,2.834003377697832e-06,2.5063852344463e-06,0.9999761485571543,1.55188805485007e-06,1.0800265454962871e-05,8.168921075075134e-07,4.3197619061631264e-07,2.854174885967752e-06,2.0558575395264474e-06
5-8B-rep1,0.12720244005501288,8.430058505659788e-05,0.3113418675493226,1.9040793395107624e-06,1.3251318128106463e-05,0.0030063417615129647,5.300104844176717e-07,3.501912019193114e-06,0.5583458627291237
5-8C-rep1,0.031244358949797334,0.0924930835170447,0.2919948850722177,0.03441071463469146,0.15762534199916153,1.0858965059359398e-06,5.742269165373923e-07,3.7940610608408712e-06,0.3922261616426039
5-9A-rep1,1.6414787082726704e-06,1.4517195107984339e-06,0.8014388333451562,8.98866677332058e-07,0.19299366794451403,0.00556041250889439,2.502042605021261e-07,1.653162216344463e-06,1.1907700622134954e-06
5-9A-rep2,2.733916411429925e-06,2.417868581153463e-06,0.9166352549275771,1.4970808627981247e-06,0.0756885469103813,0.007664395948402333,4.1672032086012504e-07,2.7533755334395913e-06,1.983251929445151e-06
5-9B-rep1,1.2298407431586482e-06,1.0876679624416305e-06,0.8068754609646785,6.734554989226042e-07,0.1931188753618667,3.5449752970781126e-07,1.874598751275914e-07,1.2385943469533838e-06,8.921574985183725e-07
5-9B-rep2,2.0729234195400517e-06,1.8332880940648896e-06,0.8473538326682499,1.1351239447062383e-06,0.15263662108650625,5.97513324866017e-07,3.1596771170388046e-07,2.0876778098238524e-06,1.5037509392046837e-06
5-9C-rep1,1.848999474730129e-06,1.6352503382431324e-06,0.9779133126887721,1.0125041560778575e-06,7.046457781357494e-06,0.022071658792719297,2.8183584953745455e-07,1.8621600476811375e-06,1.3413108610309068e-06
5-9C-rep2,3.5281734675153276e-06,3.1203074608644576e-06,0.9736792877658558,1.932012609005359e-06,1.3445717926870174e-05,0.02629203552493839,5.377858566876131e-07,3.5532858512329188e-06,2.5594260335147465e-06
